{"vqa_v2_train,vqa_v2_id_val": {"perf": 90.9, "max": [0.7920532574781867, "KOP"], "min": [0.2898500677359671, "QT"], "avg": 0.6167999139003542, "KO": 0.4563513562127759, "KOP": 0.7920532574781867, "KW": 0.7069402353144083, "KW+KO": 0.6934490466742795, "KWP": 0.6886007031872118, "QT": 0.2898500677359671, "QT+KO": 0.563561615747294, "QT+KW": 0.6788083226693877, "QT+KW+KO": 0.6815846200836768}, "vqa_vs_train,vqa_vs_id_test": {"perf": 0, "max": [0.7917483279296537, "KOP"], "min": [0.2903989277653083, "QT"], "avg": 0.6280373434120344, "KO": 0.4532909593798629, "KOP": 0.7917483279296537, "KW": 0.7337237305005768, "KW+KO": 0.7006070786377894, "KWP": 0.7107461002781649, "QT": 0.2903989277653083, "QT+KO": 0.5708021256605963, "QT+KW": 0.7119843480102015, "QT+KW+KO": 0.6890344925461567}, "vqa_v2_train,vqa_vs_KO": {"perf": 26.65, "max": [0.8315745831530753, "KO"], "min": [0.6824200619070774, "QT+KW+KO"], "avg": 0.7397989739023253, "KO": 0.8315745831530753, "KOP": 0.8250256239865269, "KW": 0.7257366364786523, "KW+KO": 0.6925368074885793, "KWP": 0.6896809724131729, "QT": 0.7230278319237591, "QT+KO": 0.7958835383816435, "QT+KW": 0.6923047093884409, "QT+KW+KO": 0.6824200619070774}, "vqa_v2_train,vqa_vs_KOP": {"perf": 31.25, "max": [0.8286304564006294, "KOP"], "min": [0.6092074992701747, "QT"], "avg": 0.7153038586915861, "KO": 0.7478805021802262, "KOP": 0.8286304564006294, "KW": 0.7207730191361479, "KW+KO": 0.6940412851100717, "KWP": 0.6889486384190202, "QT": 0.6092074992701747, "QT+KO": 0.7755302827079317, "QT+KW": 0.6898922770530721, "QT+KW+KO": 0.6828307679470015}, "vqa_v2_train,vqa_vs_KW": {"perf": 35.9, "max": [0.800682684431215, "KOP"], "min": [0.46562925294977364, "QT"], "avg": 0.6847535599964246, "KO": 0.6475678188733595, "KOP": 0.800682684431215, "KW": 0.7296047054581579, "KW+KO": 0.7057680201126527, "KWP": 0.7026480506320304, "QT": 0.46562925294977364, "QT+KO": 0.714468650120352, "QT+KW": 0.7038652610288647, "QT+KW+KO": 0.6925475963614153}, "vqa_v2_train,vqa_vs_KW_KO": {"perf": 42.66, "max": [0.8037147439672333, "KOP"], "min": [0.439540856118574, "QT"], "avg": 0.6948643614331756, "KO": 0.7066006962183323, "KOP": 0.8037147439672333, "KW": 0.7221784362683665, "KW+KO": 0.7145814904219339, "KWP": 0.7071790291173005, "QT": 0.439540856118574, "QT+KO": 0.7475763392704093, "QT+KW": 0.7071553590197839, "QT+KW+KO": 0.7052523024966469}, "vqa_v2_train,vqa_vs_KWP": {"perf": 42.96, "max": [0.7912738957164573, "KOP"], "min": [0.43887409755511286, "QT"], "avg": 0.6833470517858523, "KO": 0.6625129033777168, "KOP": 0.7912738957164573, "KW": 0.7179657037295163, "KW+KO": 0.7094675750635384, "KWP": 0.7092530736619859, "QT": 0.43887409755511286, "QT+KO": 0.7093940327343642, "QT+KW": 0.7081350033532048, "QT+KW+KO": 0.7032471808807746}, "vqa_v2_train,vqa_vs_QT": {"perf": 27.45, "max": [0.827409001181337, "QT"], "min": [0.6911565121313041, "QT+KW+KO"], "avg": 0.7495489378177551, "KO": 0.8003462208764546, "KOP": 0.8122594700320799, "KW": 0.7322024645949982, "KW+KO": 0.6983988317564854, "KWP": 0.6970546127570143, "QT": 0.827409001181337, "QT+KO": 0.7853873390344378, "QT+KW": 0.7017259879956856, "QT+KW+KO": 0.6911565121313041}, "vqa_v2_train,vqa_vs_QT_KO": {"perf": 37.78, "max": [0.8231635765646601, "KOP"], "min": [0.5711387124148164, "QT"], "avg": 0.7142982462537236, "KO": 0.7406021197019659, "KOP": 0.8231635765646601, "KW": 0.7213154871313187, "KW+KO": 0.7006076816961258, "KWP": 0.6969878080052483, "QT": 0.5711387124148164, "QT+KO": 0.7845330619851609, "QT+KW": 0.6976220838697589, "QT+KW+KO": 0.6927136849144582}, "vqa_v2_train,vqa_vs_QT_KW": {"perf": 44.68, "max": [0.7963014283651925, "KOP"], "min": [0.4999137269492814, "QT"], "avg": 0.6910933196326536, "KO": 0.6524272652043608, "KOP": 0.7963014283651925, "KW": 0.7236440197916936, "KW+KO": 0.7097533876866883, "KWP": 0.7076761507029569, "QT": 0.4999137269492814, "QT+KO": 0.7151140300541712, "QT+KW": 0.7113626986550607, "QT+KW+KO": 0.7036471692844773}, "vqa_v2_train,vqa_vs_QT_KW_KO": {"perf": 45.48, "max": [0.782178796823547, "KOP"], "min": [0.49693028339718887, "QT"], "avg": 0.7035632483363237, "KO": 0.7601450586266532, "KOP": 0.782178796823547, "KW": 0.7199311637429175, "KW+KO": 0.7117858025805199, "KWP": 0.7086963231675993, "QT": 0.49693028339718887, "QT+KO": 0.7349161506006634, "QT+KW": 0.7091831024941025, "QT+KW+KO": 0.7083025535937214}, "vqa_v2_train,vqa_vs_id_test": {"perf": 54.41, "max": [0.6967622227581747, "KOP"], "min": [0.23081016881839023, "QT"], "avg": 0.5250659135766044, "KO": 0.3781137055655222, "KOP": 0.6967622227581747, "KW": 0.5845803421017896, "KW+KO": 0.5950245745889816, "KWP": 0.6046235904278077, "QT": 0.23081016881839023, "QT+KO": 0.47117480917273885, "QT+KW": 0.5789095506307816, "QT+KW+KO": 0.5855942581252522}, "vqa_v2_train,vqa_ce_ood_val": {"perf": 79.81, "max": [0.8629772689033725, "KOP"], "min": [0.6633781666313439, "QT"], "avg": 0.745337714132117, "KO": 0.7167241677506474, "KOP": 0.8629772689033725, "KW": 0.7771517493507719, "KW+KO": 0.7325349285119277, "KWP": 0.7213077407313689, "QT": 0.6633781666313439, "QT+KO": 0.7849018882595048, "QT+KW": 0.7347570844475942, "QT+KW+KO": 0.7143064326025226}, "vqa_v2_train,vqa_cp_ood_test": {"perf": 90.42, "max": [0.7164243035370887, "KOP"], "min": [0.46777662353776245, "KO"], "avg": 0.6154893951622674, "KO": 0.46777662353776245, "KOP": 0.7164243035370887, "KW": 0.5902922022011964, "KW+KO": 0.6019650354934244, "KWP": 0.6155763415398088, "QT": 0.6570095715840132, "QT+KO": 0.6798364429378245,  "QT+KW": 0.6082260611521518, "QT+KW+KO": 0.6022979744771363}, "vqa_v2_train,textvqa_ood_val": {"perf": 44.25, "max": [0.7367658155478342, "KO"], "min": [0.7075930927309364, "KW+KO"], "avg": 0.7189791835120798, "KO": 0.7367658155478342, "KOP": 0.7090880648957998, "KW": 0.7330793127229422, "KW+KO": 0.7075930927309364, "KWP": 0.7083696316628864, "QT": 0, "QT+KO": 0, "QT+KW": 0, "QT+KW+KO": 0}, "vqa_v2_train,advqa_ood_val": {"perf": 56.86, "max": [0.7881854673821173, "KOP"], "min": [0.7088514368082949, "KWP"], "avg": 0.7369171766051094, "KO": 0.7331142007910435, "KOP": 0.7881854673821173, "KW": 0.7421793487274992, "KW+KO": 0.7122554293165919, "KWP": 0.7088514368082949, "QT": 0, "QT+KO": 0, "QT+KW": 0, "QT+KW+KO": 0}, "vqa_v2_train,vqa_rephrasings_ood_val": {"perf": 85.55, "max": [0.8035192216703693, "KOP"], "min": [0.5160593490693585, "QT"], "avg": 0.6809669729044827, "KO": 0.6103251846377553, "KOP": 0.8035192216703693, "KW": 0.7361214024654247, "KW+KO": 0.7086465942225789, "KWP": 0.705310772042695, "QT": 0.5160593490693585, "QT+KO": 0.6451362191137124, "QT+KW": 0.7048477668098745, "QT+KW+KO": 0.6987362461085767}, "vqa_cp_train,vqa_cp_ood_test": {"perf": 0, "max": [0.990987900959586, "QT"], "min": [0.645128775556379, "KO"], "avg": 0.8123993559561236, "KO": 0.645128775556379, "KOP": 0.8636430146955612, "KW": 0.8150825381805278, "KW+KO": 0.7487870618087445, "KWP": 0.7593504887177395, "QT": 0.990987900959586, "QT+KO": 0.9424944815312496, "QT+KW": 0.8040625298606249, "QT+KW+KO": 0.7420574122947}, "vqa_vs_train,vqa_vs_id_val": {"perf": 0, "max": [0.7886858504947929, "KOP"], "min": [0.35498265091821957, "QT"], "avg": 0.651605447223902, "KO": 0.5348130532195359, "KOP": 0.7886858504947929, "KW": 0.7255179749172883, "KW+KO": 0.7060234251386583, "KWP": 0.7095346713168106, "QT": 0.35498265091821957, "QT+KO": 0.6342578310108049, "QT+KW": 0.7095786249334685, "QT+KW+KO": 0.7010549430655388}, "vqa_vs_train,vqa_vs_KO": {"perf": 0, "max": [0.8820348811910476, "KO"], "min": [0.717486453825799, "QT+KW+KO"], "avg": 0.786599200293884, "KO": 0.8820348811910476, "KOP": 0.8763611421795129, "KW": 0.7798283382000488, "KW+KO": 0.7319478121124781, "KWP": 0.7248969015758501, "QT": 0.7686001781677033, "QT+KO": 0.8555739209011214, "QT+KW": 0.7426631744913944, "QT+KW+KO": 0.717486453825799}, "vqa_vs_train,vqa_vs_KOP": {"perf": 0, "max": [0.8535641609943361, "KOP"], "min": [0.651900217680488, "QT"], "avg": 0.7570026063492183, "KO": 0.7916397848299681, "KOP": 0.8535641609943361, "KW": 0.7742447257408529,