{"vqa_v2_train": {"vqa_v2_id_val": {"KO": 0.4563513562127759, "KOP": 0.7920532574781867, "KW": 0.7069402353144083, "KW+KO": 0.6934490466742795, "KWP": 0.6886007031872118, "QT": 0.2898500677359671, "QT+KO": 0.563561615747294, "QT+KW": 0.6788083226693877, "QT+KW+KO": 0.6815846200836768}, "vqa_vs_KO": {"KO": 0.8315745831530753}, "vqa_vs_KOP": {"KOP": 0.8286304564006294}, "vqa_vs_KW": {"KW": 0.7296047054581579}, "vqa_vs_KW_KO": {"KW+KO": 0.7145814904219339}, "vqa_vs_KWP": {"KWP": 0.7092530736619859}, "vqa_vs_QT": {"QT": 0.827409001181337}, "vqa_vs_QT_KO": {"QT+KO": 0.7845330619851609}, "vqa_vs_QT_KW": {"QT+KW": 0.7113626986550607}, "vqa_vs_QT_KW_KO": {"QT+KW+KO": 0.7083025535937214}, "vqa_vs_id_test": {"KO": 0.3781137055655222, "KOP": 0.6967622227581747, "KW": 0.5845803421017896, "KW+KO": 0.5950245745889816, "KWP": 0.6046235904278077, "QT": 0.23081016881839023, "QT+KO": 0.47117480917273885, "QT+KW": 0.5789095506307816, "QT+KW+KO": 0.5855942581252522}, "vqa_ce_ood_val": {"KO": 0.7167241677506474, "KOP": 0.8629772689033725, "KW": 0.7771517493507719, "KW+KO": 0.7325349285119277, "KWP": 0.7213077407313689, "QT": 0.6633781666313439, "QT+KO": 0.7849018882595048, "QT+KW": 0.7347570844475942, "QT+KW+KO": 0.7143064326025226}, "vqa_cp_ood_test": {"KO": 0.46777662353776245, "KOP": 0.7164243035370887, "KW": 0.5902922022011964, "KW+KO": 0.6019650354934244, "KWP": 0.6155763415398088, "QT": 0.6570095715840132, "QT+KO": 0.6798364429378245, "QT+KW": 0.6082260611521518, "QT+KW+KO": 0.6022979744771363}}, "vqa_cp_train": {"vqa_cp_ood_test": {"KO": 0.645128775556379, "KOP": 0.8636430146955612, "KW": 0.8150825381805278, "KW+KO": 0.7487870618087445, "KWP": 0.7593504887177395, "QT": 0.990987900959586, "QT+KO": 0.9424944815312496, "QT+KW": 0.8040625298606249, "QT+KW+KO": 0.7420574122947}}, "vqa_vs_train": {"vqa_vs_KO": {"KO": 0.8820348811910476}, "vqa_vs_KOP": {"KOP": 0.8535641609943361}, "vqa_vs_KW": {"KW": 0.7389645347492405}, "vqa_vs_KW_KO": {"KW+KO": 0.7175695584222234}, "vqa_vs_KWP": {"KWP": 0.7104509539203266}, "vqa_vs_QT": {"QT": 0.8521420580079814}, "vqa_vs_QT_KO": {"QT+KO": 0.80505918023965}, "vqa_vs_QT_KW": {"QT+KW": 0.715476992346129}, "vqa_vs_QT_KW_KO": {"QT+KW+KO": 0.7093532573059782}, "vqa_vs_id_val": {"KO": 0.5348130532195359, "KOP": 0.7886858504947929, "KW": 0.7255179749172883, "KW+KO": 0.7060234251386583, "KWP": 0.7095346713168106, "QT": 0.35498265091821957, "QT+KO": 0.6342578310108049, "QT+KW": 0.7095786249334685, "QT+KW+KO": 0.7010549430655388}, "vqa_vs_id_test": {"KO": 0.4532909593798629, "KOP": 0.7917483279296537, "KW": 0.7337237305005768, "KW+KO": 0.7006070786377894, "KWP": 0.7107461002781649, "QT": 0.2903989277653083, "QT+KO": 0.5708021256605963, "QT+KW": 0.7119843480102015, "QT+KW+KO": 0.6890344925461567}}}