{"vqa_v2_train": {"vqa_v2_id_val": {"KO": 0.6975384770995294, "KOP": 0.7445972923345179, "KW": 0.7384363893536704, "KW+KO": 0.7585434012623272, "KWP": 0.7610952928354949, "QT": 0.6782839299330355, "QT+KO": 0.7399554055275368, "QT+KW": 0.7517851039497581, "QT+KW+KO": 0.7647445416102718}, "vqa_vs_KO": {"KO": 0.5609916143475727}, "vqa_vs_KOP": {"KOP": 0.6207163469937995}, "vqa_vs_KW": {"KW": 0.6784170240462009}, "vqa_vs_KW_KO": {"KW+KO": 0.7128134763361849}, "vqa_vs_KWP": {"KWP": 0.7130064729590402}, "vqa_vs_QT": {"QT": 0.5996185768502303}, "vqa_vs_QT_KO": {"QT+KO": 0.6816619201589845}, "vqa_vs_QT_KW": {"QT+KW": 0.7112388046559811}, "vqa_vs_QT_KW_KO": {"QT+KW+KO": 0.7155523591058334}, "vqa_vs_id_test": {"KO": 0.5383275547445223, "KOP": 0.5841337281383667, "KW": 0.5839930346028471, "KW+KO": 0.6083948604156256, "KWP": 0.6112331801396669, "QT": 0.5280381028545983, "QT+KO": 0.5830116548946747, "QT+KW": 0.5958407633478954, "QT+KW+KO": 0.6145428660485841}, "vqa_ce_ood_val": {"KO": 0.701728625328494, "KOP": 0.7456963867831045, "KW": 0.7432220547239361, "KW+KO": 0.7600720504241034, "KWP": 0.7628132687319484, "QT": 0.6842788334566129, "QT+KO": 0.7416228989597056, "QT+KW": 0.7551026257278344, "QT+KW+KO": 0.7650950541787687}, "vqa_cp_ood_test": {"KO": 0.49933700210347703, "KOP": 0.5391817621964424, "KW": 0.549855004909264, "KW+KO": 0.5702402944782239, "KWP": 0.5789552238176738, "QT": 0.5390956814081574, "QT+KO": 0.559344824288244, "QT+KW": 0.5663572416897311, "QT+KW+KO": 0.5788902303602979}}, "vqa_cp_train": {"vqa_cp_ood_test": {"KO": 0.6842637355009359, "KOP": 0.7230571672147755, "KW": 0.7530396878287594, "KW+KO": 0.7638833917123236, "KWP": 0.7692573028630361, "QT": 0.7759864151486094, "QT+KO": 0.7759864151486094, "QT+KW": 0.7759864151486094, "QT+KW+KO": 0.7759864151486094}}, "vqa_vs_train": {"vqa_vs_KO": {"KO": 0.693015167050678}, "vqa_vs_KOP": {"KOP": 0.7277229906244459}, "vqa_vs_KW": {"KW": 0.7374613193346812}, "vqa_vs_KW_KO": {"KW+KO": 0.7309521455409581}, "vqa_vs_KWP": {"KWP": 0.7270179385038799}, "vqa_vs_QT": {"QT": 0.6984021559495653}, "vqa_vs_QT_KO": {"QT+KO": 0.7392718522514241}, "vqa_vs_QT_KW": {"QT+KW": 0.7282625811667465}, "vqa_vs_QT_KW_KO": {"QT+KW+KO": 0.7203510648516405}, "vqa_vs_id_val": {"KO": 0.6991580847040607, "KOP": 0.7228524494856511, "KW": 0.7256624675332108, "KW+KO": 0.7362612224352121, "KWP": 0.7370894583250733, "QT": 0.6952453093426647, "QT+KO": 0.7260861419202257, "QT+KW": 0.7321761497943965, "QT+KW+KO": 0.7395323620616155}, "vqa_vs_id_test": {"KO": 0.6779800368251945, "KOP": 0.7243147609666569, "KW": 0.7390103080766833, "KW+KO": 0.7594460475908088, "KWP": 0.7625418823049305, "QT": 0.6775425003695478, "QT+KO": 0.736625118750215, "QT+KW": 0.7528061626628278, "QT+KW+KO": 0.7668585569536033}}}