{"vqa_v2_train": {"vqa_v2_id_val": {"KO": 0.4563513562127759, "KOP": 0.7920532574781867, "KW": 0.7069402353144083, "KW+KO": 0.6934490466742795, "KWP": 0.6886007031872118, "QT": 0.2898500677359671, "QT+KO": 0.563561615747294, "QT+KW": 0.6788083226693877, "QT+KW+KO": 0.6815846200836768}, "vqa_vs_KO": {"KO": 0.8315745831530753, "KOP": [0.8250256239865269, 0.14875198417459376], "KW": [0.7257366364786523, 0.14376526768041986], "KW+KO": [0.6925368074885793, 0.15316061304493028], "KWP": [0.6896809724131729, 0.13273964244543895], "QT": [0.7230278319237591, 0.16253152579384467], "QT+KO": [0.7958835383816435, 0.1261595820242478], "QT+KW": [0.6923047093884409, 0.14341745203287964], "QT+KW+KO": [0.6824200619070774, 0.145876458756451]}, "vqa_vs_KOP": {"KOP": 0.8286304564006294, "KO": [0.7478805021802262, 0.04419892362560173], "KW": [0.7207730191361479, 0.14259005524020982], "KW+KO": [0.6940412851100717, 0.1506759594263295], "KWP": [0.6889486384190202, 0.13465926304837517], "QT": [0.6092074992701747, 0.19230137742329007], "QT+KO": [0.7755302827079317, 0.13489861454640314], "QT+KW": [0.6898922770530721, 0.1445140613884675], "QT+KW+KO": [0.6828307679470015, 0.1451444351250686]}, "vqa_vs_KW": {"KW": 0.7296047054581579, "KO": [0.6475678188733595, 0.06653838752340402], "KOP": [0.800682684431215, 0.13618096253572481], "KW+KO": [0.7057680201126527, 0.11489265799619387], "KWP": [0.7026480506320304, 0.09674472072247746], "QT": [0.46562925294977364, 0.17509354247247239], "QT+KO": [0.714468650120352, 0.17327222282989813], "QT+KW": [0.7038652610288647, 0.11010116032144038], "QT+KW+KO": [0.6925475963614153, 0.11919840773231047]}, "vqa_vs_KW_KO": {"KW+KO": 0.7145814904219339, "KO": [0.7066006962183323, 0.10389339331334631], "KOP": [0.8037147439672333, 0.13309964168823504], "KW": [0.7221784362683665, 0.08015654169907495], "KWP": [0.7071790291173005, 0.06888516124445385], "QT": [0.439540856118574, 0.22709517583574457], "QT+KO": [0.7475763392704093, 0.15940424806553033], "QT+KW": [0.7071553590197839, 0.08227943423433445], "QT+KW+KO": [0.7052523024966469, 0.06922624566998176]}, "vqa_vs_KWP": {"KWP": 0.7092530736619859, "KO": [0.6625129033777168, 0.07844210128834893], "KOP": [0.7912738957164573, 0.13296826080316362], "KW": [0.7179657037295163, 0.06327375896257867], "KW+KO": [0.7094675750635384, 0.07105118123343347], "QT": [0.43887409755511286, 0.2386719273627909], "QT+KO": [0.7093940327343642, 0.17292214321977165], "QT+KW": [0.7081350033532048, 0.0600023335184224], "QT+KW+KO": [0.7032471808807746, 0.0725803339974462]}, "vqa_vs_QT": {"QT": 0.827409001181337, "KO": [0.8003462208764546, 0.047893631943367286], "KOP": [0.8122594700320799, 0.13535712266570965], "KW": [0.7322024645949982, 0.12813862349718186], "KW+KO": [0.6983988317564854, 0.12632837184185383], "KWP": [0.6970546127570143, 0.10729942411401759], "QT+KO": [0.7853873390344378, 0.12514549303222047], "QT+KW": [0.7017259879956856, 0.11883795142409033], "QT+KW+KO": [0.6911565121313041, 0.11923643489789526]}, "vqa_vs_QT_KO": {"QT+KO": 0.7845330619851609, "KO": [0.7406021197019659, 0.06057973694991902], "KOP": [0.8231635765646601, 0.13844416824137773], "KW": [0.7213154871313187, 0.1334893546440558], "KW+KO": [0.7006076816961258, 0.12615095096522108], "KWP": [0.6969878080052483, 0.11014696070866896], "QT": [0.5711387124148164, 0.2004176011286262], "QT+KW": [0.6976220838697589, 0.12526059454581942], "QT+KW+KO": [0.6927136849144582, 0.11838931575334792]}, "vqa_vs_QT_KW": {"QT+KW": 0.7113626986550607, "KO": [0.6524272652043608, 0.0764989433571969], "KOP": [0.7963014283651925, 0.13316703630322882], "KW": [0.7236440197916936, 0.07562272217102795], "KW+KO": [0.7097533876866883, 0.08286194881229209], "KWP": [0.7076761507029569, 0.06419749304591948], "QT": [0.4999137269492814, 0.23003556284132665], "QT+KO": [0.7151140300541712, 0.16488804655436257], "QT+KW+KO": [0.7036471692844773, 0.07742800674506874]}, "vqa_vs_QT_KW_KO": {"QT+KW+KO": 0.7083025535937214, "KO": [0.7601450586266532, 0.09469426503207429], "KOP": [0.782178796823547, 0.12124298394558515], "KW": [0.7199311637429175, 0.06944359852610897], "KW+KO": [0.7117858025805199, 0.04808673752865799], "KWP": [0.7086963231675993, 0.04354832739821089], "QT": [0.49693028339718887, 0.2634613020865494], "QT+KO": [0.7349161506006634, 0.11404297787294154], "QT+KW": [0.7091831024941025, 0.05221002536395956]}, "vqa_vs_id_test": {"KO": 0.3781137055655222, "KOP": 0.6967622227581747, "KW": 0.5845803421017896, "KW+KO": 0.5950245745889816, "KWP": 0.6046235904278077, "QT": 0.23081016881839023, "QT+KO": 0.47117480917273885, "QT+KW": 0.5789095506307816, "QT+KW+KO": 0.5855942581252522}, "vqa_ce_ood_val": {"KO": 0.7167241677506474, "KOP": 0.8629772689033725, "KW": 0.7771517493507719, "KW+KO": 0.7325349285119277, "KWP": 0.7213077407313689, "QT": 0.6633781666313439, "QT+KO": 0.7849018882595048, "QT+KW": 0.7347570844475942, "QT+KW+KO": 0.7143064326025226}, "vqa_cp_ood_test": {"KO": 0.46777662353776245, "KOP": 0.7164243035370887, "KW": 0.5902922022011964, "KW+KO": 0.6019650354934244, "KWP": 0.6155763415398088, "QT": 0.6570095715840132, "QT+KO": 0.6798364429378245, "QT+KW": 0.6082260611521518, "QT+KW+KO": 0.6022979744771363}, "textvqa_ood_val": {"KO": [0.7367658155478342, 0.08418803514288935], "KOP": [0.7090880648957998, 0.024443856757155432], "KW": [0.7330793127229422, 0.08472282650132934], "KW+KO": [0.7075930927309364, 0.0145035970144116], "KWP": [0.7083696316628864, 0.020486915985585035]}, "advqa_ood_val": {"KO": [0.7331142007910435, 0.10450311168390429], "KOP": [0.7881854673821173, 0.12966796621083282], "KW": [0.7421793487274992, 0.10848500821085082], "KW+KO": [0.7122554293165919, 0.05457696674915676], "KWP": [0.7088514368082949, 0.03502802978961842]}, "vqa_rephrasings_ood_val": {"KO": [0.6103251846377553, 0.1201940258261038], "KOP": [0.8035192216703693, 0.1559693305550975], "KW": [0.7361214024654247, 0.17398191947345515], "KW+KO": [0.7086465942225789, 0.14130367840748145], "KWP": [0.705310772042695, 0.10815300821870437], "QT": [0.5160593490693585, 0.24404029082171116], "QT+KO": [0.6451362191137124, 0.2557000432207209], "QT+KW": [0.7048477668098745, 0.14197157526401552], "QT+KW+KO": [0.6987362461085767, 0.10951847581124007]}}, "vqa_cp_train": {"vqa_cp_ood_test": {"KO": 0.645128775556379, "KOP": 0.8636430146955612, "KW": 0.8150825381805278, "KW+KO": 0.7487870618087445, "KWP": 0.7593504887177395, "QT": 0.990987900959586, "QT+KO": 0.9424944815312496, "QT+KW": 0.8040625298606249, "QT+KW+KO": 0.7420574122947}}, "vqa_vs_train": {"vqa_vs_KO": {"KO": 0.8820348811910476, "KOP": [0.8763611421795129, 0.1379936801191623], "KW": [0.7798283382000488, 0.13715005728697383], "KW+KO": [0.7319478121124781, 0.09614479262066858], "KWP": [0.7248969015758501, 0.09047944197973828], "QT": [0.7686001781677033, 0.15321637066813207], "QT+KO": [0.8555739209011214, 0.1308963299961899], "QT+KW": [0.7426631744913944, 0.11574783977810055], "QT+KW+KO": [0.717486453825799, 0.0742535870896597]}, "vqa_vs_KOP": {"KOP": 0.8535641609943361, "KO": [0.7916397848299681, 0.047004545738639575], "KW": [0.7742447257408529, 0.13756814574017306], "KW+KO": [0.7307627478206746, 0.09956680204671742], "KWP": [0.7240938497205809, 0.09480876215530969], "QT": [0.651900217680488, 0.1965536563535707], "QT+KO": [0.8302700149493274, 0.1396447621213712], "QT+KW": [0.7399489753268821, 0.11853285603738711], "QT+KW+KO": [0.7165989800798555, 0.07994648830137371]}, "vqa_vs_KW": {"KW": 0.7389645347492405, "KO": [0.6853147223712709, 0.07534481673787415], "KOP": [0.8324315221305231, 0.13665441429346387], "KW+KO": [0.7242475238740155, 0.08773375967922172], "KWP": [0.7190629369468108, 0.07310371521570672], "QT": [0.499414801471593, 0.1970286923247306], "QT+KO": [0.7563530891959317, 0.18178413603223367], "QT+KW": [0.7287818886550141, 0.09401469774835314], "QT+KW+KO": [0.712899465046559, 0.07059817271253672]}, "vqa_vs_KW_KO": {"KW+KO": 0.7175695584222234, "KO": [0.7223862531804898, 0.10346707078901582], "KOP": [0.8138188397313041, 0.134346784300144],